target,rows,topologies,train_r2,topology_heldout_r2,topology_heldout_mae
Oracle graph retention,50,50,0.9983760681283985,0.9977670469130656,0.008086538461538464
Oracle Eve action probability,1501,50,0.7048225507173156,0.6885531193572271,0.025657143357854604
Expected denial vs. oracle Alice,1501,50,0.4344480425548577,0.3780727859503741,0.1304601465959855
Oracle Alice route probability,714,50,0.24367224532179454,0.17227644877346537,0.08327084670505792
